Number_of_followers,Number_of_friend,Total_of_tweets,Contain_Picture,Contain_hashtag,Listed_count,User_mentions,Contain_url,Retweet
7795498,186,3934,0,0,1824,0,1,1
16855,1694,128252,0,0,120,1,1,1
100933,892,68425,1,0,491,0,0,1
1,30,38,0,0,0,1,0,0
6285,911,2161,0,0,26,0,1,0
3057,118,1025,0,1,20,0,1,1
7795498,186,3934,0,0,1824,0,1,1
27033,3051,31161,0,0,784,1,1,0
74018,36,96323,0,0,122,1,0,0
27370085,78,2373,0,0,22983,0,1,1
13490,392,62083,0,0,81,0,1,1
79424,142,1648,0,1,36,0,1,1
8659049,320,322164,0,0,4528,0,1,1
382,129,3748,0,0,6,0,1,0
116269,27,123561,1,1,197,0,1,1
597,319,54337,0,0,20,0,1,0
75074,166,16419,0,0,159,1,1,1
3057,118,1025,0,1,20,0,1,1
2933851,421,486502,0,0,4534,0,1,1
49874,110,7189,0,0,137,0,1,1
46147,2,219538,1,0,502,0,1,0
71410,1536,2845,0,0,1258,0,1,1
72705,5462,483216,0,1,319,0,1,1
615414,94,4386,0,1,216,0,1,1
3548,105,206,0,0,0,1,1,1
484927,3,118048,0,1,982,0,1,1
2285,67,947,0,1,0,0,1,0
474389,165,173446,0,0,1518,0,1,0
9764,1230,31105,0,1,4,0,1,1
2557,652,4646,0,1,17,0,1,1
443007,74,12118,0,1,262,0,1,1
4411,4425,37989,0,1,118,0,1,1
7795498,186,3934,0,0,1824,0,1,1
484927,3,118048,0,1,982,0,1,1
1415894,213,196223,0,1,2395,0,1,1
613805,1024,22506,0,1,313,0,1,1
615414,94,4386,0,1,216,0,1,1
67,223,4216,0,0,2,1,1,1
165640,47,50762,0,1,1038,0,1,1
13883,1040,154687,0,0,162,0,1,1
121772,20615,27541,0,0,1786,0,1,1
27370085,78,2373,0,0,22983,0,1,1
615414,94,4386,0,1,216,0,1,1
4127,201,662,0,0,34,0,1,1
1957,18,605,0,0,1,0,1,1
640790,422,19509,0,0,301,1,1,1
320488,927,81253,0,0,657,0,1,1
85354,85,6741,0,0,113,0,1,1
668,72,1257,0,0,8,0,1,1
772053,8,404,0,0,131,0,1,1
615414,94,4386,0,1,216,0,1,1
7795498,186,3934,0,0,1824,0,1,1
170257,1122,65322,0,0,2426,0,1,1
5246,9,24475,0,1,158,0,1,0
4981537,195,234661,0,0,5380,0,1,1
4611309,2508,53672,0,0,1428,1,1,1
100933,892,68425,1,0,491,0,0,1
2539751,0,302003,0,0,3353,0,1,0
180,601,4036,0,0,0,1,1,0
79473,2860,13754,0,0,229,1,1,1
1148235,479,14460,0,0,604,0,1,1
7795498,186,3934,0,0,1824,0,1,1
76111,416,83814,0,0,490,0,0,1
11691638,257,3646,0,0,2480,0,1,1
615414,94,4386,0,1,216,0,1,1
1148235,479,14460,0,0,604,0,1,1
17330,302,181676,0,0,250,0,1,1
7795498,186,3934,0,0,1824,0,1,1
15,8,2318,0,0,0,1,0,0
187184,8,19707,0,0,585,1,1,1
5649420,67,7951,0,1,1050,0,1,1
69907,1953,16595,0,1,120,0,1,1
11773,25,10337,0,1,30,0,1,1
615414,94,4386,0,1,216,0,1,1
307,404,800,0,0,17,0,1,1
484927,3,118048,0,1,982,0,1,1
2542,36,816,0,0,13,0,1,1
74018,36,96323,0,0,122,1,0,0
59530,341,21776,0,0,565,0,1,1
772053,8,404,0,0,131,0,1,1
2933851,421,486502,0,0,4534,0,1,1
484927,3,118048,0,1,982,0,1,1
11848019,272,7047,0,0,2142,0,1,1
11583,11534,9137,0,0,3,1,1,1
3521,586,42122,0,0,53,0,1,0
628,1071,30991,0,0,1,1,1,0
34583,62,63872,0,0,208,0,1,1
166913,1524,50716,0,1,2502,0,1,1
16325,383,26479,0,1,204,0,1,1
2099675,114,9509,0,0,872,0,1,1
44304434,2063,20800,0,0,22734,0,1,1
7795498,186,3934,0,0,1824,0,1,1
100933,892,68425,1,0,491,0,0,1
615414,94,4386,0,1,216,0,1,1
772053,8,404,0,0,131,0,1,1
12,5,19,1,0,0,0,0,0
20,1,2443,0,1,2,0,1,0
7795498,186,3934,0,0,1824,0,1,1
7795498,186,3934,0,0,1824,0,1,1
4085289,3,2592,0,0,1354,0,1,1
11691638,257,3646,0,0,2480,0,1,1
443007,74,12118,0,1,262,0,1,1
103,352,2116,0,1,2,0,1,0
9707,1491,3554,0,1,43,0,1,1
772053,8,404,0,0,131,0,1,1
772053,8,404,0,0,131,0,1,1
2152,1117,4800,0,0,2,0,1,1
615414,94,4386,0,1,216,0,1,1
6536334,313,518910,0,0,6613,0,1,1
14673,65,41133,0,0,65,0,1,1
50,333,1146,0,0,0,0,1,0
782320,173,19078,0,0,590,0,1,1
27370085,78,2373,0,0,22983,0,1,1
78,90,89,0,0,0,0,1,0
33088,1330,166364,0,0,414,0,1,1
2315601,179,14995,0,0,350,0,1,1
0,0,4,1,0,0,0,0,0
1060,482,9491,0,0,0,1,1,0
2539751,0,302003,0,1,3353,0,1,1
712,128,545,0,0,1,1,1,1
320488,927,81253,0,0,657,0,1,1
496,2093,138590,0,1,76,1,1,0
27370085,78,2373,0,0,22983,0,1,1
100933,892,68425,1,0,491,0,0,1
58756,181,282649,0,0,835,1,1,1
2371,574,527193,0,1,49,1,1,1
27370085,78,2373,0,0,22983,0,1,1
135022,206,15034,0,0,395,0,1,1
615414,94,4386,0,1,216,0,1,1
27370085,78,2373,0,0,22983,0,1,1
9707,1491,3554,0,1,43,0,1,1
100933,892,68425,1,0,491,0,0,1
5649420,67,7951,0,1,1050,0,1,1
11784,3482,71224,0,0,92,0,1,1
2873,138,23110,0,1,14,0,1,1
348,806,1277,0,0,0,1,0,1
123195,886,26142,0,0,163,0,1,1
12970,5427,36991,0,1,137,0,1,1
615414,94,4386,0,1,216,0,1,1
100933,892,68425,1,0,491,0,0,1
124796,1265,161859,1,0,799,0,0,1
2944,416,3948,0,1,52,0,1,0
397,695,4558,0,0,5,1,1,0
2371,574,527193,0,1,49,1,1,1
7795499,186,3934,0,0,1824,0,1,1
14574,10642,19569,0,0,346,1,1,0
7,122,260,0,0,0,1,0,0
206,246,6362,0,0,0,1,1,1
484927,3,118048,0,1,982,0,1,1
772053,8,404,0,0,131,0,1,1
16325,383,26479,0,1,204,0,1,1
615414,94,4386,0,1,216,0,1,1
499,1572,569,0,0,4,1,1,0
749,195,72395,0,0,349,0,1,0
75074,166,16419,0,0,159,1,1,1
6630,6836,9867,0,0,2,1,0,1
23,354,89,0,0,0,0,1,0
3502,2831,81154,0,1,48,0,1,1
27370085,78,2373,0,0,22983,0,1,1
36,23,108,0,0,2,0,1,0
28318,225,17077,0,0,113,0,1,1
7227,1354,225744,0,1,59,0,1,1
887777,0,28903,0,0,7849,0,1,1
23604,879,3681,0,0,69,0,1,1
615414,94,4386,0,1,216,0,1,1
488,119,54209,0,0,367,1,1,0
7795499,186,3934,0,0,1824,0,1,1
11691638,257,3646,0,0,2480,0,1,1
2519,29,311,0,1,7,0,1,1
18521,711,8551,0,0,68,0,1,1
18105,710,152713,0,0,252,0,1,0
34,18,582,0,0,0,1,1,0
6630,6836,9867,0,0,2,1,0,1
4832,1067,8526,0,0,32,1,1,1
7795499,186,3934,0,0,1824,0,1,1
478,1676,733,0,0,4,1,1,0
1218,2456,18035,0,1,11,0,1,0
3770,306,21381,0,0,27,0,1,1
6630,6836,9867,0,0,2,1,0,1
887777,0,28903,0,0,7849,0,1,1
1831,1444,18205,0,0,16,0,1,0
615414,94,4386,0,1,216,0,1,1
75074,166,16419,0,0,159,0,1,1
5779,6073,411,0,0,65,0,1,0
621226,493,21356,0,0,201,0,1,1
4283222,1,4374,0,1,496,0,1,1
6630,6836,9867,0,0,2,1,0,1
320488,927,81253,0,0,657,0,1,1
320488,927,81253,0,0,657,0,1,1
2634,394,61924,0,0,35,0,1,0
41,166,4161,0,1,0,1,0,0
21076,1151,29089,0,0,207,0,1,1
7795499,186,3934,0,0,1824,0,1,1
5904,274,14604,0,0,121,1,1,1
8338594,492,65901,0,1,4631,0,1,1
27370085,78,2373,0,0,22983,0,1,1
4914899,261,214127,0,0,52110,0,1,1
615414,94,4386,0,1,216,0,1,1
9077,316,7960,0,1,39,0,1,1
7795499,186,3934,0,0,1824,0,1,1
139,120,1250,0,0,2,0,1,0
21662,1444,6050,0,1,462,0,1,0
446,397,37739,0,1,2,1,1,1
762,245,15556,0,0,15,0,1,1
6630,6836,9867,0,0,2,1,0,1
8425136,376,25745,0,0,2807,0,1,1
23977994,90,285157,0,0,110889,0,1,1
27370085,78,2373,0,0,22983,0,1,1
25,18,2295,0,1,0,1,0,0
75074,166,16419,0,0,159,0,1,1
3189,1071,124208,0,0,97,0,1,0
6630,6836,9867,0,1,2,1,0,1
989215,1605,25572,0,0,681,0,1,0
615414,94,4386,0,1,216,0,1,1
1990662,16,651,0,0,736,0,1,1
2189,51,68198,0,0,21,1,1,1
23977994,90,285157,0,0,110889,0,1,1
2539751,0,302003,0,1,3353,0,1,1
32269,35173,417584,0,0,127,1,1,0
20569,1944,42912,0,0,67,0,1,1
2305,3959,110556,0,0,99,1,1,0
29,193,148,0,0,0,1,1,0
6630,6836,9867,0,1,2,1,0,1
557,336,651,0,1,5,0,1,0
4277,1099,6974,0,1,46,0,1,1
2801,487,18698,0,0,77,0,1,1
4608,955,15939,0,0,41,0,1,1
9707,1491,3554,0,1,43,0,1,1
34399,419,178762,0,1,160,0,1,1
24,26,207,0,0,0,0,1,0
9707,1491,3554,0,1,43,0,1,1
100933,892,68425,1,0,491,0,0,1
887777,0,28903,0,0,7849,0,1,1
684,872,3777,0,0,5,1,1,0
613805,1024,22506,0,1,313,0,1,1
615414,94,4386,0,1,216,0,1,1
595,139,26280,0,0,26,1,1,0
608,730,17628,0,0,28,1,0,1
165640,47,50762,0,1,1038,0,1,1
1122012,72,163455,0,1,844,1,1,1
893,122,3642,0,1,224,0,1,1
11414412,511,415736,1,0,10841,0,1,1
21,86,31,0,1,0,1,1,0
7795499,186,3934,0,0,1824,0,1,1
4914899,261,214127,0,0,52110,0,1,1
478,1676,733,0,0,4,1,1,0
15675,60,157,0,0,13,0,1,1
9707,1491,3554,0,1,43,0,1,1
63377,181,9077,0,0,171,0,1,1
608,730,17628,0,0,28,1,0,1
82,357,90,0,1,0,0,1,0
0,2,2,0,1,0,1,1,0
41,166,4161,0,1,0,1,1,0
2,86,19,0,0,0,1,0,0
615414,94,4386,0,1,216,0,1,1
161,286,282,0,0,0,0,1,0
23977994,90,285157,0,0,110889,0,1,1
618450,3848,14464,0,0,375,0,1,1
81,62,9792,0,0,4,0,1,0
8575,32,4245,0,0,11,0,1,1
293,284,5284,0,0,14,0,1,0
33088,1330,166364,0,0,414,0,1,1
0,6,1,0,0,0,1,1,0
25591,9775,62668,0,1,258,0,1,1
27251,850,235358,0,0,177,0,1,1
12152,150,4014,0,1,63,0,1,1
148,0,283,0,1,7,0,1,0
4696,5147,14276,0,0,66,1,1,0
989215,1605,25572,0,0,681,0,1,1
100933,892,68425,1,0,491,0,0,1
893,122,3642,0,0,224,0,1,1
615414,94,4386,0,1,216,0,1,1
25126,468,106431,0,0,209,0,1,1
27370085,78,2373,0,0,22983,0,1,1
27370085,78,2373,0,0,22983,0,1,1
796221,213,3912,0,0,247,0,1,1
3189,1071,124208,1,1,97,0,1,0
15897,301,29867,0,0,81,0,0,1
2725,156,184,0,0,8,0,1,1
2068,2156,26714,0,1,11,1,0,1
100933,892,68425,1,0,491,0,0,1
3189,1071,124208,0,0,97,0,1,0
287925,135,12807,0,0,171,1,1,1
2,1,53,0,0,0,1,1,0
1122012,72,163455,0,1,844,0,1,1
397058,279,64684,0,0,179,0,1,1
2046,484,43049,0,0,804,1,1,0
100,519,223,0,1,2,0,1,0
6,19,37,1,0,0,0,0,0
60753,29,40233,0,1,347,1,1,1
282667,74,21354,0,1,669,0,1,1
126,389,3225,0,0,2,0,1,0
6630,6836,9867,0,1,2,1,0,1
189,0,411,0,1,0,0,1,0
309480,4,5603,0,0,812,0,1,1
25,50,488,0,0,1,0,1,0
242,2291,1698,0,0,0,0,1,1
6806,0,18027,0,0,20,0,1,1
7,93,3776,1,1,1,0,1,0
29774,560,28839,0,0,71,0,1,1
414,406,2583,0,1,3,1,1,0
45,4,12035,0,0,8,0,1,0
432,191,22904,0,0,24,0,1,0
3403,282,6498,0,0,44,0,1,1
425,1448,18056,0,1,3,1,1,0
3674167,142,18799,0,0,1654,1,1,1
24587,160,7423,0,0,37,0,1,1
196,612,2269,0,0,0,1,1,0
100933,892,68425,1,0,491,0,0,1
1400,4997,2060,0,0,7,0,1,1
6536334,313,518910,1,1,6613,0,1,1
53665,47,342,0,1,81,0,1,1
5174020,277,22269,0,0,3279,0,1,1
5393,1449,10484,0,0,31,1,1,0
293187,293,28814,0,0,383,0,1,1
195,1011,7618,0,0,5,1,1,0
140197,110,4712,0,0,291,1,1,0
59530,341,21776,0,0,565,0,1,1
2539751,0,302003,0,1,3353,0,1,1
16526,429,17827,0,0,72,0,1,1
49971,2444,850297,0,0,290,1,1,1
75,18,37,0,0,0,1,1,0
355,495,60873,1,0,3,0,0,0
51702,65,4866,0,0,109,0,1,1
74018,36,96323,0,0,122,1,0,0
80624,666,56611,0,0,565,0,1,1
123205,785,3339,0,0,358,0,0,1
23,45,507,0,1,7,1,0,0
63377,181,9077,0,0,171,0,1,1
183095,997,108011,0,1,1543,0,1,1
27370085,78,2373,0,0,22983,0,1,1
75074,166,16419,0,0,159,1,1,1
17,34,3294,0,0,0,0,1,0
6537,139,2819,0,0,16,0,1,1
7795499,186,3934,0,0,1824,0,1,1
443007,74,12118,0,1,262,0,1,1
216739,99,19013,0,1,473,0,1,1
320488,927,81253,0,0,657,0,1,1
266,255,9763,0,0,25,0,1,1
2539751,0,302003,0,1,3353,0,1,1
893,122,3642,0,0,224,0,1,1
63377,181,9077,0,0,171,0,1,1
320488,927,81253,0,0,657,0,1,1
95,1683,8280,0,0,4,1,1,0
153844,768,60528,0,0,164,1,1,1
1945,80,998,0,1,69,1,1,1
75074,166,16419,0,0,159,0,1,1
34583,62,63872,0,0,208,0,1,1
79473,2860,13754,0,0,229,1,1,1
13557,146,14401,0,1,1,0,0,0
320488,927,81253,0,0,657,0,1,1
11414413,511,415736,1,1,10841,0,1,1
401,230,2858,0,1,4,1,1,1
6421,38,1305,0,1,14,0,1,1
4914899,261,214127,0,0,52110,0,1,1
27370085,78,2373,0,0,22983,0,1,1
3222,1421,29893,0,1,1111,0,1,0
4172,3183,32224,0,0,14,0,1,1
75074,166,16419,0,1,159,0,1,1
1760,699,10564,0,0,14,0,1,1
9077,316,7960,0,1,39,0,1,1
167754,307,34936,0,0,361,0,1,1
290,532,5839,1,0,0,0,1,0
1759636,279,16868,0,0,1356,0,1,1
100933,892,68425,1,0,491,0,0,1
2660,1177,55171,0,0,87,1,1,0
6536334,313,518910,0,0,6613,0,1,1
11,86,23,0,0,0,1,1,0
1148235,479,14460,0,0,604,0,1,1
19,131,11,0,0,0,0,1,0
959818,750,17997,0,0,612,0,1,1
60643,501,40642,0,0,182,1,1,1
989215,1605,25572,0,0,681,0,1,1
75074,166,16419,0,0,159,0,1,1
75074,166,16419,0,0,159,0,1,1
13871,75,955,0,0,12,0,1,1
591670,3282,516391,0,0,1289,0,1,1
443007,74,12118,0,1,262,0,1,1
772053,8,404,0,0,131,0,1,1
33088,1330,166364,0,0,414,0,1,1
349,190,572,1,0,0,1,0,0
18257,237,7320,0,0,29,0,1,1
5080,725,2812,0,0,5,1,0,1
484927,3,118048,0,1,982,0,1,1
229048,885,30558,0,0,956,0,1,1
231862,290,202129,0,1,933,0,1,1
8,84,162,0,1,0,0,1,0
3108,3827,121699,0,0,23,0,0,0
36,441,6377,0,0,3,1,1,0
625,1094,11554,0,0,8,1,1,0
71410,1536,2845,0,0,1258,0,1,1
1925,1319,44879,0,1,133,0,1,0
69,139,614,0,0,1,1,0,0
608,730,17628,0,0,28,1,0,1
7592,1967,197727,0,0,134,0,1,1
90,302,14307,0,1,2,0,0,0
1362,394,5202,0,0,6,1,1,0
24,8,20,0,0,0,1,1,1
31543,476,9746,0,0,121,0,1,1
10108,334,887,0,1,85,1,1,1
61094,638,166882,0,0,312,0,1,1
19340,348,4267,0,1,74,0,1,1
4221,2299,65968,0,0,106,0,1,0
9,147,46,0,0,0,1,1,0
5,39,740,0,0,1,1,1,0
282667,74,21354,0,1,669,0,1,1
100933,892,68425,1,0,491,0,0,1
7795499,186,3934,0,0,1824,0,1,1
1215,763,2494,0,0,73,0,1,0
692,60,404,0,0,2,0,1,1
1593,27,2949,0,0,7,0,1,1
501,249,13248,0,0,21,0,1,0
31543,476,9746,0,0,121,0,1,1
443007,74,12118,0,1,262,0,1,1
309480,4,5603,0,0,812,0,1,1
10694,515,13507,0,1,28,0,0,1
17,60,180,0,0,0,1,1,0
9987,356,86989,0,0,124,1,1,1
73,445,488,0,0,0,0,1,0
1281,957,1243,0,1,25,0,1,0
697,100,81977,0,1,640,1,1,1
1157,282,3980,0,0,20,1,1,0
7795499,186,3934,0,0,1824,0,1,1
659,310,1676,0,1,0,1,1,1
1238,0,1861,0,1,3,0,1,1
59098,2,6442,0,0,65,0,1,1
31543,476,9746,0,0,121,0,1,1
55,82,1374,1,0,0,0,0,0
28394,21,65095,0,0,180,1,1,1
5095293,64,1265,0,0,972,0,1,1
41,166,4162,0,1,0,1,0,1
7795499,186,3934,0,0,1824,0,1,1
359,379,4351,0,0,5,1,1,0
20268,884,21605,0,0,694,1,1,0
23019,217,19340,0,0,67,1,1,1
31543,476,9746,0,0,121,0,1,1
7795499,186,3934,0,0,1824,0,1,1
7,44,525,0,0,0,1,1,0
7394,79,13069,0,0,48,0,1,1
3025252,192,18736,0,0,2894,0,1,1
35,57,77,0,1,0,0,1,0
7795499,186,3934,0,0,1824,0,1,1
44304434,2063,20800,0,0,22734,0,1,1
468905,251,53932,0,0,311,0,1,1
45,264,3345,0,0,0,1,1,0
76,142,59,0,1,0,1,1,0
17,82,841,0,0,0,0,1,0
28067,145,78305,0,0,221,0,1,1
40,99,538,0,0,0,1,1,1
5,0,66,0,1,0,0,1,0
573,1110,2221,0,0,4,1,0,0
12970,5427,36991,0,1,137,0,1,1
569,109,25325,0,0,5,1,1,1
15897,301,29867,0,0,81,0,0,1
16897,12709,797,0,1,6,0,1,0
17,82,841,0,0,0,0,1,0
498862,39,5713,0,0,293,0,1,1
518454,45,2053,0,1,99,0,1,1
309480,4,5603,0,0,812,0,1,1
5,43,483,0,0,0,0,1,0
692,60,404,0,0,2,0,1,1
7795499,186,3934,0,0,1824,0,1,1
615414,94,4386,0,1,216,0,1,1
31543,476,9746,0,0,121,0,1,1
19410,409,32954,0,0,148,0,1,1
112,79,146,1,1,0,0,0,1
4,125,208,0,0,0,1,1,0
2228,47,6437,0,0,31,0,1,0
18010421,140,10956,0,0,8977,0,1,1
135022,206,15034,0,0,395,0,1,1
463,161,629,0,0,0,0,1,1
35545,11911,110246,0,1,41,0,1,1
100933,892,68425,1,0,491,0,0,1
129529,274,70613,0,1,468,0,1,1
7795499,186,3934,0,0,1824,0,1,1
614,195,4584,0,1,3,1,1,1
41,125,405,0,1,2,0,1,0
1148235,479,14460,0,0,604,0,1,1
7795499,186,3934,0,0,1824,0,1,1
1260665,154,14863,0,1,834,0,1,1
4131,4995,31618,0,0,290,0,1,1
15675,60,157,0,0,13,0,1,1
100933,892,68425,1,0,491,0,0,1
8881,4800,54437,0,0,13,1,1,0
1020,121,13319,0,0,2,1,1,1
888,206,1567,0,0,38,0,1,1
249,443,4564,0,0,1,1,1,0
1148235,479,14460,0,0,604,0,1,1
716,4179,1318,0,0,22,0,1,0
7795499,186,3934,0,0,1824,0,1,1
2539751,0,302003,0,1,3353,0,1,1
41,166,4162,0,1,0,1,0,1
75074,166,16419,0,0,159,0,1,1
121,244,421,0,0,3,0,1,0
153844,768,60528,0,1,164,0,1,1
524,204,4957,0,0,1,1,0,1
11581,2327,87630,1,0,11,0,0,1
16451889,307,66040,0,0,22471,0,1,1
989215,1605,25572,0,0,681,1,1,1
580,499,11397,0,0,2,1,0,0
100933,892,68425,1,0,491,0,0,1
5890,1102,7355,0,1,130,0,1,1
74018,36,96323,0,0,122,1,0,0
1073,831,6111,0,0,111,1,1,0
423,464,4207,0,1,20,0,1,1
575,115,74377,0,0,22,0,1,0
7795499,186,3934,0,0,1824,0,1,1
14204,7900,75065,0,0,258,0,1,0
309480,4,5603,0,0,812,0,1,1
48,106,524,1,0,0,0,1,0
11414413,511,415736,1,1,10841,0,1,1
13712,2449,16589,0,1,731,0,1,1
126,483,1645,1,0,2,0,1,1
13,68,36,0,0,0,0,1,0
4608,955,15939,0,0,41,0,1,1
3502,102,2399,0,0,77,1,1,0
141,591,540,1,0,0,1,0,0
28394,21,65095,0,0,180,1,1,1
320488,927,81253,0,0,657,0,1,1
17,82,841,0,0,0,1,1,0
19410,409,32954,0,0,148,0,1,1
8659049,320,322164,0,0,4528,0,1,1
14,229,39,0,0,0,1,1,0
2933851,421,486502,0,0,4534,0,1,1
7795499,186,3934,0,0,1824,0,1,1
18257,237,7320,0,0,29,0,1,1
6394,1,7751,0,1,1,1,1,1
614375,104,5759,0,0,321,0,1,1
79473,2860,13754,0,0,229,1,1,1
4611309,2508,53672,0,0,1428,0,1,1
1647293,15,156856,0,0,947,0,1,1
9437,558,181254,0,0,85,0,1,1
99,142,6399,0,0,2,0,1,0
309480,4,5603,0,0,812,0,1,1
498862,39,5713,0,0,293,0,1,1
608,730,17628,0,0,28,1,0,1
16526,429,17827,0,0,72,0,1,1
4085289,3,2592,0,0,1354,0,1,1
63377,181,9077,0,0,171,0,1,1
41,166,4162,0,1,0,1,0,1
26006,903,73027,0,0,201,0,1,1
1020,121,13319,0,0,2,1,1,1
1566,2326,3126,0,0,0,0,1,0
439,1699,384,0,1,4,0,1,0
110,121,2157,0,0,1,0,1,1
132537,1248,4015,0,1,206,0,1,1
2099675,114,9509,0,0,872,0,1,1
621,210,751,0,0,7,1,1,0
1562,1229,31522,0,0,15,1,1,0
30,60,208,0,0,4,0,1,0
772053,8,404,0,0,131,0,1,1
1122012,72,163455,0,1,844,0,1,1
282667,74,21354,0,1,669,0,1,1
41,166,4162,0,1,0,1,0,1
71410,1536,2845,0,0,1258,0,1,1
6958,1725,18762,0,0,57,0,1,1
4787,4365,59635,0,0,30,1,1,1
443,102,70372,0,0,35,0,1,0
275525,1506,63402,0,1,463,0,1,1
100,38,806,0,0,0,1,1,0
614587,195,104097,0,0,896,0,1,0
63377,181,9077,0,0,171,0,1,1
796221,213,3912,0,0,247,0,1,1
287925,135,12807,0,0,171,1,1,1
75074,166,16419,0,0,159,0,1,1
103,506,8423,0,0,1,1,1,0
2161,56,14196,0,0,1,0,1,0
4008,50,25449,0,0,9,0,1,0
4283222,1,4374,0,1,496,0,1,1
834,1,1382,0,1,45,1,1,1
6536334,313,518910,0,0,6613,1,1,1
41,166,4162,0,1,0,1,0,0
116269,27,123561,1,1,197,0,1,1
3735,4951,90334,1,1,611,0,1,0
1415,2082,2289,0,0,10,0,1,0
6536334,313,518910,1,1,6613,0,1,1
28,16,65,0,1,0,1,1,0
22409,3229,306128,0,0,218,0,1,1
309480,4,5603,0,0,812,0,1,1
3057,118,1025,0,1,20,0,1,1
5,43,483,0,0,0,0,1,0
13883,1040,154687,0,0,162,0,1,1
25803,1074,35871,0,0,544,0,1,1
608,730,17628,0,0,28,1,0,1
8,74,217,0,0,0,1,0,0
796221,213,3912,0,0,247,0,1,1
7795499,186,3934,0,0,1824,0,1,1
69,360,11683,0,0,1,1,0,0
9077,316,7960,0,1,39,0,1,1
659,310,1676,0,1,0,1,1,1
11532,537,61519,0,0,388,0,1,0
100933,892,68425,1,0,491,0,0,1
0,2,1,0,0,0,1,1,0
1647293,15,156856,0,0,947,0,1,1
8338594,492,65901,0,1,4631,0,1,1
26696,10,2574,0,0,24,0,1,1
6941,96,652,0,0,10,0,1,1
1260665,154,14863,0,1,834,0,1,1
216739,99,19013,0,1,473,0,1,1
2356,48,783,0,1,5,0,1,1
3324,2138,15411,1,0,173,1,0,0
3057,118,1025,0,1,20,0,1,1
1540,32,5792,0,1,52,0,1,0
135022,206,15034,0,0,395,0,1,1
618450,3848,14464,0,0,375,0,1,1
384,225,1761,0,1,85,0,1,0
334099,435,142612,0,1,326,0,1,1
320488,927,81253,0,0,657,0,1,1
409,95,197,0,1,2,0,1,1
989215,1605,25572,0,0,681,0,1,1
135022,206,15034,0,0,395,0,1,1
2446,4629,12916,0,0,4,0,1,1
176860,578,11881,0,0,284,0,1,1
69907,1953,16595,0,1,120,0,1,1
79473,2860,13754,0,0,229,1,1,1
772053,8,404,0,0,131,0,1,1
1334,1764,49065,0,0,43,1,1,1
679,270,7026,0,0,1,1,1,0
36689383,78,57436,0,1,29451,1,1,1
2459,1159,116,0,1,4,0,1,0
5080,725,2812,0,0,5,1,0,1
127,628,183,0,1,0,0,1,0
3,23,60,0,0,0,0,1,0
27370085,78,2373,0,0,22983,0,1,1
176860,578,11881,0,0,284,0,1,1
33088,1330,166364,0,0,414,0,1,1
821,408,5649,0,0,5,0,1,0
973483,209,95942,0,0,875,0,1,1
28318,225,17077,0,0,113,0,1,1
309480,4,5603,0,0,812,0,1,1
33408,279,27070,0,0,342,0,0,1
2519,29,311,0,1,7,0,1,1
42309550,874,336692,0,0,197253,0,1,1
79473,2860,13754,0,0,229,1,1,1
2013216,123,39801,0,1,135,1,1,1
108030,20,8313,0,0,102,1,1,0
989215,1605,25572,0,0,681,0,1,1
80,1066,9021,0,0,1,0,1,1
44304435,2063,20800,0,0,22734,0,1,1
22864,1721,7030,0,0,38,0,1,1
11691638,257,3646,0,0,2480,0,1,1
1978498,1035,510206,0,0,3946,0,1,1
8129,471,1330,0,0,68,0,1,1
4,37,38,0,0,0,0,1,0
1,0,31,0,0,0,0,1,1
44304435,2063,20800,0,0,22734,0,1,1
484927,3,118048,0,0,982,0,1,1
989215,1605,25572,0,0,681,0,1,1
69907,1953,16595,0,1,120,0,1,1
5,43,483,0,0,0,0,1,0
6002,3033,43130,0,0,58,0,1,1
524318,722,342227,0,0,15601,0,1,1
69907,1953,16595,0,1,120,0,1,1
231862,290,202129,0,1,933,0,1,1
28067,145,78305,0,0,221,0,1,1
3057,118,1025,0,1,20,0,1,1
63377,181,9077,0,0,171,0,1,1
11193,1827,19111,0,1,232,1,0,1
1111,160,18346,0,0,10,0,1,1
44048,2544,74629,0,0,364,0,1,1
613805,1024,22506,0,1,313,0,1,1
2539751,0,302003,0,1,3353,0,1,1
31389,23160,18934,1,0,373,0,0,1
320488,927,81253,0,0,657,0,1,1
989215,1605,25572,0,0,681,0,1,1
9115,4737,24649,0,0,56,0,1,1
989215,1605,25572,0,0,681,0,1,1
1117,320,4019,0,0,29,0,1,1
21076,1151,29089,0,0,207,0,1,1
69907,1953,16595,0,1,120,0,1,1
74062,538,5474,0,0,80,0,1,1
20,40,2495,1,0,0,0,0,0
6536334,313,518910,1,1,6613,0,1,1
3130,26,1847,0,0,1,0,1,0
141284,2,9800,0,0,218,0,1,1
80624,666,56611,0,0,565,0,1,1
100933,892,68425,1,0,491,0,0,1
222,13,5977,0,1,34,1,1,0
1148235,479,14460,0,0,604,0,1,1
2951,502,12043,0,1,50,1,1,1
7795499,186,3934,0,0,1824,0,1,1
7795499,186,3934,0,0,1824,0,1,1
7795499,186,3934,0,0,1824,0,1,1
28318,225,17077,0,0,113,0,1,1
511359,101,2157,0,0,210,0,1,1
6258,615,5821,0,1,95,0,0,1
1939,38,1558,0,1,20,0,1,1
47074,1334,169146,0,0,992,0,1,1
135022,206,15034,0,0,395,0,1,1
16983,0,126,0,0,105,0,1,1
135022,206,15034,0,0,395,0,1,1
4237,574,3285,0,0,111,0,1,1
309480,4,5603,0,0,812,0,1,1
85354,85,6741,1,1,113,0,0,1
2539751,0,302003,0,1,3353,0,1,1
989215,1605,25572,0,0,681,1,1,1
22409,3229,306128,0,0,218,0,1,1
2539751,0,302003,0,0,3353,0,1,1
42309550,874,336692,0,0,197253,0,1,1
2428,4820,18432,0,1,0,0,1,1
320488,927,81253,0,0,657,0,1,1
20,40,2495,1,0,0,0,0,0
28318,225,17077,0,0,113,0,1,1
25591,9775,62668,0,1,258,0,1,1
4122273,42,296870,0,1,2646,1,1,1
306,320,8054,0,0,14,0,1,0
41,166,4163,0,1,0,1,0,0
42059,667,50015,0,1,433,0,1,1
63377,181,9077,0,0,171,0,1,1
1939,38,1558,0,1,20,0,1,1
79473,2860,13754,0,0,229,1,1,1
20,40,2495,1,0,0,0,0,0
100933,892,68425,1,0,491,0,0,1
27370085,78,2373,0,0,22983,0,1,1
41,166,4163,0,1,0,1,0,1
44304435,2063,20800,0,0,22734,0,1,1
309480,4,5603,0,0,812,0,1,1
1,0,1332,0,0,0,0,0,0
337,0,10,0,0,0,0,1,1
1069,597,13305,0,0,3,0,1,1
132537,1248,4015,0,0,206,0,1,1
989215,1605,25572,0,0,681,1,1,1
1926,404,13855,0,0,37,1,1,1
16526,429,17827,0,0,72,0,1,1
3057,118,1025,0,1,20,0,1,1
80624,666,56611,0,0,565,0,1,1
1320464,1,35276,1,0,984,0,0,1
17681,1037,3140,0,0,59,0,0,1
2286,2023,4381,0,0,51,0,1,1
13,96,63,0,0,0,1,1,0
165640,47,50762,0,1,1038,0,1,1
8126,295,4416,0,0,3,0,1,1
3057,118,1025,0,1,20,0,1,1
511359,101,2157,0,0,210,0,1,1
751,260,1603,0,0,0,1,1,0
6356,81,4819,0,0,20,0,1,1
590288,260,7158,0,0,693,0,1,1
132537,1248,4015,0,0,206,0,1,1
800,656,2329,0,0,95,0,1,1
287925,135,12807,0,0,171,0,1,1
1885,2977,1906,0,1,53,0,1,1
16,33,322,0,0,0,0,1,0
231862,290,202129,0,0,933,0,1,1
63377,181,9077,0,0,171,0,1,1
49,102,17,0,0,0,0,1,0
7795499,186,3934,0,0,1824,0,1,1
7795499,186,3934,0,0,1824,0,1,1
7795499,186,3934,0,0,1824,0,1,1
51702,65,4866,0,0,109,0,1,1
1759636,279,16868,0,0,1356,0,1,1
1407040,1074,37196,0,0,906,0,1,1
11414413,511,415736,1,0,10841,0,1,1
989215,1605,25572,0,0,681,0,1,1
4283222,1,4374,0,1,496,0,1,1
282667,74,21354,0,1,669,0,1,1
56364,169,5644,0,1,913,1,1,1
665676,851,7184,0,0,3107,0,1,0
2634,288,237184,0,0,101,0,1,1
8,3,3379,0,0,0,0,1,0
103793,772,74808,0,0,295,0,1,1
56566,1129,73829,0,0,341,1,1,1
7428,2201,118655,0,1,41,0,0,0
7592,1967,197727,0,0,134,0,1,1
1939,38,1558,0,1,20,0,1,1
17855,960,62768,0,0,174,0,1,1
53,865,1053,1,0,0,0,1,0
9764,1230,31105,0,1,4,0,1,1
320488,927,81253,0,0,657,0,1,1
524,598,4695,0,0,27,1,1,1
16,0,4123,0,0,0,0,1,0
1148235,479,14460,0,0,604,0,1,1
103,199,4698,0,0,3,1,1,0
4629,3776,277420,0,0,347,0,1,1
659,310,1676,0,1,0,1,1,1
457,1089,4341,0,0,2,0,1,1
100933,892,68425,1,0,491,0,0,1
129529,274,70613,0,1,468,0,1,1
1854,3612,14201,0,1,1,1,0,0
2099675,114,9509,0,0,872,0,1,1
212,1,12391,0,1,25,0,1,0
772053,8,404,0,0,131,0,1,1
132537,1248,4015,0,1,206,0,1,1
3267,1544,28743,0,0,44,0,1,1
24,29,55,0,1,0,0,1,1
8756122,16,1828,0,0,1199,0,1,1
1044,430,269869,0,0,172,0,1,0
21515,365,21850,0,0,32,1,1,1
309480,4,5603,0,0,812,0,1,1
2138,76,2462,0,1,4,0,1,1
100933,892,68425,1,0,491,0,0,1
282667,74,21354,0,1,669,0,1,1
15368,103,2387,0,0,60,0,1,1
180,381,2939,0,1,0,0,1,1
11581,2327,87632,1,1,11,0,0,1
187184,8,19707,0,0,585,1,1,1
73,263,3878,0,0,4,0,1,0
63377,181,9077,0,0,171,0,1,1
42059,667,50015,0,1,433,0,1,1
5,43,483,0,0,0,0,1,0
8756122,16,1828,0,0,1199,0,1,1
187184,8,19707,0,1,585,0,1,1
100933,892,68425,1,0,491,0,0,1
22864,1721,7030,0,0,38,0,1,1
3057,118,1025,0,1,20,0,1,1
100933,892,68425,1,0,491,0,0,1
320488,927,81253,0,0,657,0,1,1
44,39,58,0,0,2,0,1,0
7795499,186,3934,0,0,1824,0,1,1
841,51,17671,0,1,302,0,1,0
2099675,114,9509,0,0,872,0,1,1
573,489,2395,0,1,3,1,1,0
3193,31,154427,0,1,70,0,1,0
100933,892,68425,1,0,491,0,0,1
483757,47,269712,0,0,1771,0,1,1
834,1,1382,0,1,45,1,1,1
14673,65,41133,0,1,65,0,1,1
22409,3229,306128,0,0,218,0,1,1
11950209,0,5877,0,0,6123,0,1,1
5276,133,40679,0,0,5,0,1,1
158289,888,14346,0,0,4598,0,1,1
8416,935,152,1,0,13,0,1,0
252,117,5593,0,1,1,0,1,0
54622,305,16770,0,1,153,0,1,1
75074,166,16419,0,0,159,0,1,1
17094,997,74286,0,0,142,0,1,1
4221,2299,65968,0,0,106,0,1,0
5,43,483,0,0,0,0,1,0
2123,1306,10537,0,0,4,1,1,0
1322019,918,17369,0,1,295,1,1,1
41,166,4163,0,1,0,1,0,0
37035,2229,56953,0,0,481,0,1,1
42059,667,50015,0,1,433,0,1,1
71410,1536,2845,0,0,1258,0,1,1
27370085,78,2373,0,0,22983,0,1,1
973483,209,95942,0,0,875,0,1,1
143994,4706,246416,0,0,364,1,1,1
9077,316,7960,0,1,39,0,1,1
41372,16,148069,0,0,473,0,1,0
286828,803,19167,0,0,1076,1,1,1
7795499,186,3934,0,0,1824,0,1,1
16,274,1452,0,0,0,1,1,0
7237,705,195955,0,0,48,1,1,1
52,24,237,0,0,0,1,1,0
75074,166,16419,0,0,159,0,1,1
732,577,3563,0,0,7,0,1,1
61094,638,166882,0,0,312,0,1,1
183095,997,108011,0,1,1543,0,1,1
32997,488,24967,0,1,63,0,1,1
167754,307,34936,0,0,361,0,1,1
418,191,36273,0,0,9,0,1,0
11414413,511,415736,1,1,10841,0,1,1
49875,6315,60598,0,0,440,0,1,0
12876,52,421,0,1,3,0,1,1
19410,409,32954,0,0,148,0,1,1
6784,2456,23523,0,1,373,1,1,0
16526,429,17827,0,0,72,0,1,1
42059,667,50015,0,0,433,0,1,1
75074,166,16419,0,0,159,0,1,1
2,1,4,0,0,0,0,1,1
989215,1605,25572,0,0,681,0,1,1
5080,725,2812,0,0,5,1,0,1
840,697,2059,0,0,12,0,1,1
18521,711,8551,0,0,68,0,1,1
3835372,581,71240,0,0,1089,1,1,1
38502,2970,396062,0,0,343,0,1,1
1419,801,16879,0,0,2,0,1,0
1647293,15,156856,0,0,947,0,1,1
194,1445,607,0,0,5,0,1,1
1647293,15,156856,0,0,947,0,1,1
71410,1536,2845,0,0,1258,0,1,1
200896,1555,29706,0,0,148,0,1,1
205406,129,48871,0,0,1097,0,1,1
919,3484,6058,0,0,1,0,1,1
10978109,15,528722,1,1,11855,0,1,1
173,154,951,0,0,2,1,1,0
1122012,72,163455,0,1,844,0,1,1
11414413,511,415736,1,0,10841,1,1,1
334,1708,13940,0,0,0,1,0,0
2112238,29,35153,0,1,1244,0,0,1
12627873,47,2017,0,1,3441,1,0,1
176,664,190,0,0,0,1,1,1
3430,451,94099,0,1,142,1,1,0
27370085,78,2373,0,0,22983,0,1,1
1122012,72,163455,0,0,844,0,1,1
180,381,2939,0,1,0,0,1,1
38,188,211,0,1,4,0,1,0
6806,0,18027,0,1,20,0,1,1
885,329,9902,0,0,32,0,1,1
25591,9775,62668,0,1,258,0,1,1
2099675,114,9509,0,0,872,0,1,1
33733,931,59053,0,0,1026,0,1,1
1604,11,5429,1,0,9,0,0,0
7869,8659,7989,0,1,3,0,1,0
69733,17,740,1,1,25,1,1,1
36689383,78,57436,0,1,29451,1,1,1
2184,2899,22472,1,0,348,1,1,0
15919,747,6687,0,0,35,0,1,1
1151,2340,27183,0,0,37,1,1,0
166913,1524,50716,0,1,2502,0,1,1
1604,11,5429,1,0,9,0,0,0
1151,2340,27183,0,1,37,1,1,0
1151,2340,27183,0,1,37,1,1,0
42059,667,50015,0,1,433,0,1,1
30439,4,13038,1,1,65,0,1,1
1151,2340,27183,0,1,37,1,1,0
320488,927,81253,0,0,657,0,1,1
7795499,186,3934,0,0,1824,0,1,1
1151,2340,27183,0,1,37,1,1,0
1151,2340,27183,0,1,37,1,1,0
23019,217,19340,0,0,67,1,1,1
356969,167,139058,0,0,511,0,1,1
1151,2340,27183,0,1,37,1,1,0
63377,181,9077,0,0,171,0,1,1
4970,743,3662,0,0,19,0,1,1
796221,213,3912,0,0,247,0,1,1
861,1600,1036,0,1,20,0,0,1
1588528,451,66346,0,0,17939,0,1,1
33123,15,22275,0,1,23,0,1,1
622180,269,17011,0,1,814,0,1,1
132537,1248,4015,0,0,206,1,1,1
1151,2340,27183,0,0,37,1,1,0
393467,82379,359792,1,1,263,1,0,1
254165,202,3630,0,0,198,0,1,1
19410,409,32954,0,0,148,0,0,1
29,47,941,0,1,3,1,1,1
2731,6,5020,0,0,40,1,1,1
356969,167,139058,0,0,511,0,1,1
11529,816,43324,0,0,67,1,1,1
1151,2340,27183,0,0,37,1,1,0
1,3,2,0,0,0,0,1,0
1,2,2,0,0,0,1,1,0
4221,2299,65968,0,0,106,0,1,0
9987,356,86989,0,0,124,1,1,1
1151,2340,27183,0,1,37,1,1,0
71,124,555,0,0,0,0,1,0
4608,955,15939,0,0,41,0,1,1
33088,1330,166364,0,0,414,0,1,1
1151,2340,27183,0,1,37,1,1,0
44304436,2063,20800,0,0,22734,0,1,1
1039,2157,344,0,1,0,0,1,1
1,119,4,0,0,0,1,1,0
27370085,78,2373,0,0,22983,0,1,1
1020,121,13319,0,0,2,1,1,1
955,72,23285,0,0,10,0,1,0
1151,2340,27183,0,0,37,1,1,0
8018,540,14118,0,0,163,0,1,1
4,364,78,0,0,0,1,0,0
41,166,4163,0,1,0,1,0,0
309480,4,5603,0,0,812,0,1,1
2189,51,68198,0,0,21,1,1,1
1151,2340,27183,0,1,37,1,1,0
40,99,538,0,0,0,1,1,1
2189,51,68198,0,0,21,1,1,0
1144,107,662,0,0,0,0,1,1
989215,1605,25572,0,0,681,0,1,1
885,329,9902,0,0,32,0,1,1
1151,2340,27183,0,1,37,1,1,0
9197,313,5664,0,0,25,1,1,1
153682,24,10839,0,1,35,0,1,1
1608,909,128067,1,0,3,0,0,0
4911,140,136626,0,0,31,0,1,1
1647293,15,156856,0,0,947,0,1,1
281778,150,8375,0,1,317,1,1,1
101,125,2790,1,1,0,0,0,1
630471,219,179320,0,0,1901,1,1,0
483757,47,269712,0,0,1771,0,1,1
42904,10317,47879,0,1,175,1,1,1
28394,21,65095,0,0,180,1,1,1
2960,1040,7019,0,0,59,1,1,1
4583,3191,25846,0,1,13,1,0,0
170,166,1038,0,0,1,0,1,1
829,515,63448,0,0,42,1,1,1
3298477,366,125718,1,1,24840,0,1,1
4914899,261,214127,0,0,52110,0,1,1
0,0,3,0,1,0,0,1,0
11188,1847,82084,0,1,11,0,1,1
28318,225,17077,0,0,113,0,1,1
320488,927,81253,0,0,657,0,1,1
1148235,479,14460,0,0,604,0,1,1
6356,81,4819,0,1,20,0,1,1
30792,1364,456770,0,0,311,1,1,1
100933,892,68425,1,0,491,0,0,1
1058,3098,23175,0,0,154,1,1,1
214,2171,2524,0,0,9,0,1,0
608,730,17628,0,0,28,1,0,1
254165,202,3630,0,0,198,0,1,1
100933,892,68425,1,0,491,0,0,1
136495,117,3003,0,0,177,1,1,1
100933,892,68425,1,0,491,0,0,1
250,43,1537,0,0,2,1,1,1
0,102,27,0,1,0,0,1,0
2000,831,68631,0,0,65,0,1,1
183095,997,108011,0,1,1543,0,1,1
80624,666,56611,0,0,565,0,1,1
79,166,344,0,1,3,0,1,1
1199048,122,19561,0,1,1194,0,1,1
1260666,154,14863,0,1,834,0,1,1
772053,8,404,0,0,131,0,1,1
7795499,186,3934,0,0,1824,0,1,1
81,0,21381,1,0,3,0,0,0
36689384,78,57436,0,1,29451,1,1,1
44304436,2063,20800,0,0,22734,0,1,1
153844,768,60528,0,1,164,1,1,1
2143535,47,782,0,0,6589,1,1,1
183095,997,108011,0,1,1543,0,1,1
470330,7,6214,0,0,50,0,1,1
4283222,1,4374,0,1,496,0,1,1
11691638,257,3646,0,0,2480,0,1,1
91,88,2879,0,0,0,0,1,1
22409,3229,306128,0,0,218,0,1,1
72705,5462,483216,0,0,319,0,1,1
10234,5165,89056,0,1,88,0,1,1
112626,162,2130,0,1,17,0,1,1
2099675,114,9509,0,0,872,0,1,1
422883,280,59695,0,0,682,0,1,1
989215,1605,25572,0,0,681,0,1,1
7592,1967,197727,0,0,134,0,1,1
1187,1069,7521,1,0,2,0,1,0
8659050,320,322164,0,0,4528,0,1,1
42309550,874,336692,0,0,197253,0,1,1
28318,225,17077,0,0,113,0,1,1
2190,2,59294,0,1,20,0,1,0
7970931,157,180338,0,1,3403,0,1,1
216849,476,18191,0,1,992,0,1,1
75074,166,16419,0,0,159,1,1,1
287925,135,12807,0,0,171,1,1,1
413792,345,8386,0,1,190,0,1,1
19410,409,32954,0,0,148,0,1,1
44,58,452,0,1,1,0,1,0
2099675,114,9509,0,0,872,0,1,1
70512,1972,71213,0,0,3537,0,1,1
4914899,261,214127,0,0,52110,0,1,1
135022,206,15034,0,0,395,0,1,1
63869,664,11498,0,0,83,1,1,1
42309550,874,336692,0,0,197253,0,1,1
1699090,363,207960,0,0,2521,0,1,1
141284,2,9800,1,0,218,0,1,1
28318,225,17077,0,0,113,0,1,1
19410,409,32954,0,0,148,0,1,1
100933,892,68425,1,0,491,0,0,1
762,245,15556,0,0,15,0,1,1
63377,181,9077,0,0,171,0,1,1
61957,34818,29586,0,1,76,0,1,0
16451889,307,66040,0,0,22471,0,1,1
19042,7,12448,0,0,16,0,1,1
7795499,186,3934,0,0,1824,0,1,1
309480,4,5603,0,0,812,0,1,1
6792,851,4642,0,0,49,0,1,1
80624,666,56611,0,0,565,0,1,1
27370085,78,2373,0,0,22983,0,1,1
772053,8,404,0,0,131,0,1,1
251,380,19374,0,0,12,0,1,0
7795499,186,3934,0,0,1824,0,1,1
2539751,0,302003,0,1,3353,0,1,1
2927883,76,497215,0,0,11442,0,1,1
14966,927,4123,0,0,385,0,1,1
0,3,14,0,0,0,1,1,0
681,98,26862,0,0,8,0,1,1
1822,30,154503,0,0,25,1,1,0
71410,1536,2845,0,0,1258,0,1,1
1148235,479,14460,0,0,604,0,1,1
372,122,2798,0,0,1,1,1,1
5567606,161,109223,0,0,5710,0,1,1
34870,120,21618,0,0,242,0,1,1
5095293,64,1265,0,0,972,0,1,1
7227,1354,225744,0,1,59,0,1,1
2081,330,17342,0,0,60,1,1,0
989215,1605,25572,0,0,681,0,1,1
7795499,186,3934,0,0,1824,0,1,1
772053,8,404,0,0,131,0,1,1
27663,701,45004,1,0,278,0,0,1
4832,1067,8526,0,0,32,1,1,1
969830,32,171447,0,0,875,0,0,1
668,79,2313,0,0,4,0,1,1
320488,927,81253,0,0,657,0,1,1
320488,927,81253,0,0,657,0,1,1
11,90,57,0,0,0,1,0,0
601644,19,401774,0,0,1012,0,1,1
100933,892,68425,1,0,491,0,0,1
22864,1721,7030,1,0,38,0,0,1
143994,4706,246416,0,0,364,1,1,1
366,83,702,0,0,5,1,1,0
1746,1740,342,0,1,70,0,1,0
1018,1012,12612,0,0,84,1,0,0
628,1071,30991,0,0,1,1,1,0
3304,11,66,0,0,4,0,1,1
45,162,3493,0,0,2,1,1,0
5030,16,2518,0,1,21,0,1,1
53,71,59,1,0,0,1,0,1
688,323,7684,1,1,4,0,0,1
7237,705,195955,0,0,48,1,1,1
455,41,2091,0,1,0,0,1,1
989215,1605,25572,0,0,681,0,1,1
2927883,76,497215,0,0,11442,0,1,1
40,315,362,0,0,0,1,0,0
80,615,983,0,0,1,1,0,0
39102,37789,333189,0,0,459,1,1,1
41,166,4163,0,1,0,1,0,1
7795499,186,3934,0,0,1824,0,1,1
42309550,874,336692,0,0,197253,0,1,1
912,1430,56590,0,0,23,1,1,1
31543,476,9746,0,0,121,0,1,1
61729,678,18852,0,0,18,0,1,0
338,660,448,0,1,2,0,1,1
4122273,42,296870,0,1,2646,1,1,1
1187,1069,7521,0,0,2,0,1,0
0,21,2,0,1,0,0,1,0
596,227,868,0,0,1,0,1,1
28318,225,17077,0,0,113,0,1,1
30,519,3824,0,0,0,1,0,0
151,160,65,0,0,3,1,1,0
19329,18872,1233,1,0,34,0,0,1
100933,892,68425,1,0,491,0,0,1
3849,2230,6071,0,0,3,0,1,1
287925,135,12807,0,0,171,1,1,1
3502,2831,81154,0,1,48,0,1,1
31543,476,9746,0,0,121,0,1,1
26476,3702,69307,0,0,852,0,1,1
26476,3702,69307,0,0,852,0,1,1
5775,1901,21628,0,0,26,1,1,0
6,120,7633,1,0,0,0,1,0
11,95,252,0,0,0,0,1,1
5264,125,15984,0,1,26,0,1,0
772053,8,404,0,0,131,0,1,1
100933,892,68425,1,0,491,0,0,1
27370085,78,2373,0,0,22983,0,1,1
7795499,186,3934,0,0,1824,0,1,1
1186,1194,4709,0,0,51,0,1,0
73,156,192,0,0,0,0,1,0
5080,725,2812,0,0,5,1,0,1
2997,631,50247,0,1,8,0,1,1
31543,476,9746,0,0,121,0,1,1
3835372,581,71240,1,1,1089,0,1,1
28318,225,17077,0,0,113,0,1,1
28318,225,17077,0,0,113,0,1,1
5,30,603,0,1,0,0,1,1
2933852,421,486502,0,0,4534,1,1,1
101938,674,51532,0,0,310,0,1,1
309480,4,5603,0,0,812,0,1,1
11848019,272,7047,0,0,2142,0,1,1
28598,103,566,0,0,612,0,1,1
1794,223,27014,0,0,10,1,0,0
8097,1406,226,0,1,294,0,1,1
94,12,21077,1,0,5,0,1,0
29901,44,24829,0,0,85,1,0,0
9437,558,181254,0,0,85,1,1,1
42,5,18600,0,1,0,0,1,0
2496,293,160584,0,0,196,0,1,1
113,447,5882,0,0,1,1,0,1
15659,441,68442,0,0,1218,1,1,0
7795499,186,3934,0,0,1824,0,1,1
1122012,72,163455,0,0,844,0,1,1
165,320,14600,0,1,4,0,1,0
31543,476,9746,0,0,121,0,1,1
8659050,320,322164,0,0,4528,0,1,0
1847,300,91778,0,0,55,1,1,1
41,0,6068,0,0,0,0,1,0
258,340,5926,0,0,2,1,1,0
408,7,48435,0,0,18,0,1,0
100933,892,68425,1,0,491,0,0,1
1060,107,3730,0,0,2,0,1,1
1679,251,202,0,0,47,1,1,1
40735,419,21919,1,1,113,1,1,0
23307,103,26219,0,0,334,0,1,0
87,9,13288,1,0,1,0,1,0
80624,666,56611,0,0,565,0,1,1
10234,5165,89056,0,1,88,0,1,1
11414413,511,415736,1,1,10841,0,1,1
57538,252,106854,0,1,735,0,1,0
4455,1,390109,0,0,214,0,1,0
132537,1248,4015,0,1,206,0,1,1
5567606,161,109223,0,1,5710,0,1,1
16899,12713,797,0,0,6,0,1,1
52271,830,293665,0,0,976,0,1,0
41,166,4163,0,1,0,1,0,1
8659050,320,322164,0,0,4528,0,1,1
75074,166,16419,0,0,159,1,1,1
86,127,1141,0,1,0,0,1,1
232,1019,1148,0,0,3,1,0,0
28318,225,17077,0,0,113,0,1,1
10890,81,1233,0,1,6,0,1,1
875,164,84596,0,1,98,1,1,0
10199,4467,102618,0,1,18,0,0,0
28908,58,176928,0,0,450,0,1,0
5649421,67,7951,0,1,1050,0,1,1
443007,74,12118,0,1,262,0,1,1
11581,2327,87634,0,0,11,0,1,1
166913,1524,50716,0,1,2502,0,1,1
1957148,1013,29739,1,0,1034,0,1,1
9214,2714,31109,0,0,21,0,1,0
1257,544,16832,0,0,4,1,1,0
100933,892,68425,1,0,491,0,0,1
15675,60,157,0,0,13,0,1,1
100933,892,68425,1,0,491,0,0,1
315,76,7650,0,0,0,0,1,0
5453,529,2869,0,0,16,0,1,1
69733,17,740,1,1,25,1,1,1
92391,90,7961,0,0,76,0,0,1
885,329,9902,0,0,32,0,1,1
408,236,176,0,1,65,0,1,0
8097,1406,226,0,1,294,0,1,1
1847,300,91778,0,0,55,1,1,1
1148235,479,14460,0,0,604,0,1,1
44304436,2063,20800,0,0,22734,0,1,1
7227,1354,225744,0,1,59,0,1,1
10664,566,7448,0,0,407,0,1,1
293187,293,28814,0,0,383,0,1,1
22,2,9435,0,0,0,0,1,0
954,140,44606,1,0,0,1,0,1
12566,1000,17873,0,0,611,0,1,1
989215,1605,25572,0,0,681,0,1,1
989215,1605,25572,0,0,681,0,1,1
989215,1605,25572,0,0,681,0,1,1
989215,1605,25572,0,0,681,0,1,1
25,85,2619,0,0,0,0,1,0
977,230,3497,0,1,31,0,1,1
8659050,320,322164,0,0,4528,0,1,1
25591,9775,62668,0,1,258,0,1,1
357,2344,32069,0,0,12,0,1,0
2152,1117,4800,0,0,2,0,1,1
113848,1,10628,0,0,63,0,1,1
8097,1406,226,0,1,294,0,1,1
143994,4706,246416,0,0,364,1,1,1
47912,196,24052,0,1,795,1,1,1
394781,210128,162251,0,0,2328,0,1,1
89,35,2981,0,0,4,0,1,0
3400,624,106108,0,1,9,0,1,1
75074,166,16419,0,0,159,1,1,1
75074,166,16419,0,0,159,0,1,1
1492,1507,1719,0,1,22,0,1,1
176857,5148,50834,0,0,276,0,1,1
95,61,1932,0,0,2,1,1,0
336,174,14,0,0,0,0,1,0
41,166,4163,0,1,0,1,0,1
7592,1967,197727,0,0,134,0,1,1
79473,2860,13754,0,0,229,1,1,1
608,730,17628,0,0,28,1,0,1
2611,30,22828,0,1,1,1,1,1
7795499,186,3934,0,0,1824,0,1,1
2933852,421,486502,0,0,4534,0,1,1
5273,507,124263,0,1,92,1,1,1
1702,126,21914,0,1,61,1,1,0
100933,892,68425,1,0,491,0,0,1
126,483,1645,1,0,2,0,1,1
80058,752,281237,0,0,712,0,1,1
751,260,1603,0,0,0,1,1,0
12090,642,218703,0,0,145,0,1,0
3502,2831,81154,0,1,48,0,1,1
2183,1264,9075,0,0,12,0,1,1
100933,892,68425,1,0,491,0,0,1
51,0,15427,0,0,0,0,1,0
20,72,375,0,0,0,1,1,0
989215,1605,25572,0,0,681,0,1,1
49971,2444,850297,0,1,290,0,1,1
135022,206,15034,0,0,395,0,1,1
4981537,195,234661,0,0,5380,0,1,1
25,1,62997,0,0,6,0,0,0
103,506,8423,0,0,1,1,1,0
5762,1992,3993,0,1,46,0,1,1
4085289,3,2592,0,0,1354,0,1,1
772053,8,404,0,0,131,0,1,1
1810,3824,650,0,1,1,0,0,0
13373,62,29314,0,0,172,0,1,0
15919,747,6687,0,0,35,0,1,1
80713,116,3341,0,0,186,0,1,1
183095,997,108011,0,1,1543,0,1,1
1407040,1074,37196,0,0,906,0,1,1
3849,2230,6071,0,0,3,0,1,1
243566,756,5543,0,0,492,0,1,1
79473,2860,13754,0,0,229,1,1,1
483757,47,269712,0,0,1771,0,1,1
483757,47,269712,1,0,1771,0,1,0
989215,1605,25572,0,0,681,0,1,1
42309550,874,336692,0,0,197253,0,1,1
7795499,186,3934,0,0,1824,0,1,1
10,63,7600,1,1,0,0,0,0
287925,135,12807,0,0,171,0,1,1
1647293,15,156856,0,0,947,0,1,1
989215,1605,25572,0,0,681,1,1,1
484927,3,118048,0,1,982,0,1,1
1260666,154,14863,0,1,834,0,1,1
989215,1605,25572,0,0,681,0,1,1
2099675,114,9509,0,0,872,0,1,1
680,216,16506,0,1,1,1,1,1
2099675,114,9509,0,0,872,0,1,1
41,166,4163,0,1,0,1,0,1
100,260,6977,0,0,0,0,1,0
443007,74,12118,0,1,262,0,1,1
989215,1605,25572,0,0,681,0,1,1
187184,8,19707,0,0,585,1,1,1
5022,113,12358,1,0,16,1,0,1
10,57,356,1,0,0,0,1,0
2375,694,163678,0,0,6,0,1,1
349,1393,1030,1,0,0,0,1,0
206,246,6362,0,0,0,1,1,1
119,201,3435,0,0,0,1,1,0
7795499,186,3934,0,0,1824,0,1,1
334,164,12365,0,0,3,1,1,1
18521,711,8551,0,0,68,0,1,1
1778,748,36340,0,1,12,0,1,0
511359,101,2157,0,0,210,0,1,1
8927,780,58297,0,0,148,0,1,1
12,27,44,0,1,0,1,1,0
1847,300,91778,0,0,55,1,1,1
19410,409,32954,0,0,148,0,1,1
1532,3090,25226,0,0,13,1,1,0
772053,8,404,0,0,131,0,1,1
3548,105,206,0,0,0,1,1,1
132537,1248,4015,0,0,206,1,1,1
252,626,1273,0,0,0,0,0,1
9437,558,181254,1,0,85,1,0,1
23,250,534,0,0,0,1,1,0
25591,9775,62668,0,1,258,0,1,1
829,515,63448,0,0,42,1,1,1
511359,101,2157,0,0,210,0,1,1
309480,4,5603,0,0,812,0,1,1
590288,260,7158,0,0,693,0,1,1
22,436,168,0,0,0,1,1,0
457,1089,4341,0,0,2,0,1,1
334,164,12365,0,0,3,1,1,1
738,317,378,0,1,2,0,1,1
164496,113,63943,1,1,148,0,0,1
5080,725,2812,0,0,5,1,0,1
20,4,275,1,1,0,0,1,0
75074,166,16419,0,0,159,1,1,1
692,60,404,0,0,2,0,1,1
196,54,126,0,1,2,1,1,0
989215,1605,25572,0,0,681,1,1,1
9209,1274,30398,1,0,331,0,0,1
37299,11721,160876,0,0,164,0,1,1
16526,429,17827,0,0,72,0,1,1
12332,180,2239,0,0,8,0,1,1
25,11,579,0,0,0,1,0,1
41,166,4163,0,1,0,1,0,1
243,55,8632,0,0,0,0,1,0
796221,213,3912,0,0,247,0,1,1
13229,1993,160,1,0,30,0,1,0
322,574,494,0,0,11,0,1,1
959725,199,33721,0,1,345,0,1,1
7795499,186,3934,0,0,1824,0,1,1
11529,816,43324,0,0,67,0,1,1
124796,1265,161859,1,0,799,0,0,1
7795499,186,3934,0,0,1824,0,1,1
163249,117,3161,0,1,43,0,1,1
100933,892,68425,1,0,491,0,0,1
491,588,52556,0,0,45,1,1,0
431,388,15307,0,0,23,1,0,0
989215,1605,25572,0,0,681,0,1,1
5169,433,2274,0,1,16,0,1,0
153844,768,60528,0,0,164,1,1,1
13434687,161,2861,0,0,3034,0,1,1
27370085,78,2373,0,0,22983,0,1,1
6941,96,652,0,0,10,0,1,1
541,277,15843,0,0,11,0,1,0
20569,1944,42912,0,0,67,0,1,1
71,69,229,0,0,0,1,1,0
9987,356,86989,0,0,124,1,1,1
205406,129,48871,0,0,1097,0,1,1
19410,409,32954,0,0,148,0,0,1
593,580,2491,0,0,7,1,1,0
3341,1739,103238,0,0,146,1,1,1
44304436,2063,20800,0,0,22734,0,1,1
772053,8,404,0,0,131,0,1,1
78,342,104,0,1,0,0,1,0
49971,2444,850297,0,0,290,1,1,1
804,670,9731,0,1,366,0,1,1
692,60,404,0,0,2,0,1,1
92,470,20495,0,1,0,0,1,0
6276,139,1349,0,1,6,0,1,1
100933,892,68425,1,0,491,0,0,1
97674,137,51397,0,1,736,0,1,1
100712,833,13350,0,0,202,0,1,1
12147,269,7682,0,0,78,1,1,0
17162,1966,142883,0,0,206,1,1,1
615,828,5220,0,1,46,1,1,0
15722,114,4044,1,0,14,0,0,1
2723,655,40294,0,0,149,0,0,1
954,140,44606,1,0,0,1,0,1
608,730,17628,0,0,28,1,0,1
132537,1248,4015,0,1,206,0,1,1
309480,4,5603,0,0,812,0,1,1
334,164,12365,0,0,3,1,1,1
0,22,7,0,0,0,1,0,0
19410,409,32954,0,0,148,0,1,1
18567,376,9480,1,1,121,1,0,1
612,197,25392,0,0,42,0,0,0
613806,1024,22506,0,1,313,0,1,1
103793,772,74808,0,0,295,0,1,1
6416,470,3295,0,0,42,1,1,1
254,410,7807,0,0,0,1,1,0
7795499,186,3934,0,0,1824,0,1,1
100933,892,68425,1,0,491,0,0,1
796221,213,3912,0,0,247,0,1,1
19410,409,32954,0,0,148,0,1,1
44304436,2063,20800,0,0,22734,0,1,1
7795499,186,3934,0,0,1824,0,1,1
278,203,6449,0,1,7,0,1,1
1335,149,20041,0,0,15,0,1,1
320488,927,81253,0,0,657,0,1,1
18842,2195,11424,0,0,28,0,1,0
989215,1605,25572,0,0,681,1,1,1
2842,4,19645,1,0,18,0,1,0
7795499,186,3934,0,0,1824,0,1,1
101938,674,51532,0,0,310,0,1,1
7795499,186,3934,0,0,1824,0,1,1
49727,9,31,0,0,20,0,1,1
19410,409,32954,0,0,148,0,0,1
304998,442,89008,0,0,764,1,1,1
5904,274,14604,0,0,121,1,1,1
65,167,1974,0,0,0,1,1,1
80713,116,3341,0,0,186,0,1,1
183095,997,108011,0,1,1543,0,1,1
75074,166,16419,0,0,159,1,1,1
135022,206,15034,0,0,395,0,1,1
692,60,404,0,0,2,0,1,1
14673,65,41133,0,0,65,0,1,1
19410,409,32954,0,0,148,0,1,1
1266,384,8858,0,0,67,1,1,0
100933,892,68425,0,0,491,0,1,1
7253,1590,27517,0,0,48,0,1,1
22409,3229,306128,0,0,218,0,1,1
4145,4967,26891,0,0,66,1,1,0
772053,8,404,0,0,131,0,1,1
282667,74,21354,0,1,669,0,1,1
1647293,15,156856,0,0,947,0,1,1
2529,1767,53363,0,0,7,1,1,1
44304437,2063,20800,0,0,22734,0,1,1
128,2,47370,0,0,30,0,0,0
101938,674,51532,0,0,310,0,1,1
1360,171,7226,0,0,8,0,1,0
1001,201,4315,0,0,108,1,1,0
4608,955,15939,0,0,41,0,1,1
780990,1249,97318,0,1,475,0,1,0
7795499,186,3934,0,0,1824,0,1,1
5,15,11,0,0,0,0,1,0
1699090,363,207960,0,0,2521,0,1,1
676,28,479,0,0,7,0,1,1
3502,2831,81154,0,1,48,0,1,1
100933,892,68425,1,0,491,0,0,1
75074,166,16419,0,0,159,1,1,1
691,437,40300,0,0,2,1,1,1
75074,166,16419,0,0,159,1,1,1
5090,2442,122958,0,0,78,1,0,0
4085289,3,2592,0,0,1354,0,1,1
76,383,106,0,0,1,1,1,0
79424,142,1648,0,1,36,0,1,1
28,41,703,0,1,1,1,1,1
2660,125,7978,0,0,10,0,1,0
51,106,1444,0,0,0,0,1,0
27370085,78,2373,0,0,22983,0,1,1
183095,997,108011,0,1,1543,0,1,1
170,439,7561,0,0,0,0,1,1
6088,2366,6556,0,1,29,0,1,0
49971,2444,850297,0,0,290,1,1,1
7795499,186,3934,0,0,1824,0,1,1
829,515,63448,0,0,42,1,1,1
724590,341,18976,0,1,407,0,1,1
13229,1993,160,0,0,30,0,1,0
14176,8043,31789,0,0,17,0,1,1
10402,408,2241,0,0,61,1,1,1
610,39,2454,0,1,2,1,1,1
309480,4,5603,0,0,812,0,1,1
206,246,6362,0,0,0,1,1,1
19410,409,32954,0,0,148,0,0,1
715,0,6687,0,0,7,0,1,0
16900,12713,797,0,0,6,0,1,1
100933,892,68425,1,0,491,0,0,1
63377,181,9077,0,0,171,0,1,1
19410,409,32954,0,0,148,0,0,1
2099675,114,9509,0,0,872,0,1,1
64912,775,123913,0,1,186,0,0,1
100933,892,68425,1,0,491,0,0,1
12876,52,421,1,1,3,1,0,1
22409,3229,306128,0,0,218,0,1,1
60,53,240,0,0,6,0,1,0
282667,74,21354,0,1,669,0,1,1
412,1471,119,1,0,0,0,1,1
614376,104,5759,0,0,321,0,1,1
212,197,9635,0,0,43,0,1,0
0,0,3,0,0,0,0,1,0
618450,3848,14464,0,0,375,0,1,1
135022,206,15034,0,0,395,0,1,1
15063,89,257510,1,1,76,0,0,1
5095293,64,1265,0,0,972,0,1,1
309480,4,5603,0,0,812,0,1,1
772053,8,404,0,0,131,0,1,1
1879,11,111363,0,0,192,0,1,0
243,153,15044,1,0,2,0,1,0
31729,3559,335462,0,1,50,1,1,1
100933,892,68425,1,0,491,0,0,1
3057,118,1025,0,1,20,0,1,1
101938,674,51532,0,0,310,0,1,1
2253359,197,4277,0,0,330,0,1,1
7795499,186,3934,0,0,1824,0,1,1
4012,5002,23768,0,1,13,1,1,0
412,1471,119,0,0,0,0,1,1
737853,76,165783,0,1,730,0,1,1
11848019,272,7047,0,0,2142,0,1,1
34776,19554,275,0,1,7,0,1,1
23977994,90,285157,0,1,110889,0,1,1
19410,409,32954,0,0,148,0,1,1
64,66,63,0,1,0,0,1,1
2099675,114,9509,0,0,872,0,1,1
772053,8,404,0,0,131,0,1,1
28139,1096,14536,0,0,354,1,1,1
4283222,1,4374,0,1,496,0,1,1
23202,586,1714,0,1,8,0,1,1
269,425,5378,0,0,0,1,1,1
415,387,3018,0,0,2,0,1,0
3403,4978,21745,0,0,0,1,0,0
367617,5010,10040,0,1,1319,1,1,1
2079,1096,3204,0,1,10,1,1,0
4611309,2508,53672,0,0,1428,0,1,1
309480,4,5603,0,0,812,0,1,1
618450,3848,14464,0,0,375,0,1,1
3674167,142,18799,0,0,1654,0,1,1
21515,365,21850,0,0,32,1,1,1
55160,510,94166,1,1,40,0,0,1
10651,23,41283,0,1,120,0,1,0
126322,282,93346,0,0,862,1,1,1
6,120,7633,1,0,0,0,1,0
100933,892,68425,1,0,491,0,0,1
100712,833,13350,0,1,202,0,1,1
16526,429,17827,0,0,72,0,1,1
243,153,15044,1,0,2,0,1,0
13881,1005,3247,1,0,95,0,1,1
8097,1406,226,0,1,294,0,1,1
71410,1536,2845,0,0,1258,0,1,1
309480,4,5603,0,0,812,0,1,1
1915071,369,486406,0,0,3597,0,1,1
282667,74,21354,0,1,669,0,1,1
101938,674,51532,0,1,310,0,1,1
8338595,492,65901,0,1,4631,0,1,1
14673,65,41133,0,0,65,0,1,1
79473,2860,13754,0,0,229,1,1,1
27370085,78,2373,0,0,22983,0,1,1
18521,711,8551,0,0,68,0,1,1
382,289,158,0,1,103,0,1,0
7592,1967,197727,0,0,134,0,1,1
124,46,283,0,0,4,0,1,0
1235,417,8056,0,0,40,0,1,0
71410,1536,2845,0,0,1258,0,1,1
1148235,479,14460,0,0,604,0,1,1
33606,148,11937,0,0,51,0,1,1
33109,8786,109732,0,1,791,0,1,0
47,4,108,0,0,0,1,1,0
153,145,1445,0,0,1,0,1,0
31166,34062,123009,0,0,273,0,1,1
44304437,2063,20800,0,0,22734,0,1,1
4611309,2508,53672,0,0,1428,1,1,1
7900,408,708,0,0,5,0,1,1
17819,8165,9426,0,1,149,1,1,1
49,140,3723,0,1,4,0,1,0
2105,869,11975,0,0,43,0,1,1
2446,4629,12916,0,0,4,0,1,1
100,256,5675,0,0,0,1,1,0
19410,409,32954,0,0,148,0,0,1
7795499,186,3934,0,0,1824,0,1,1
9943,1748,131888,0,0,220,1,1,1
6336,4517,964,0,1,36,0,1,0
4,21,717,0,0,0,1,0,0
23019,217,19340,0,0,67,1,1,1
28394,21,65095,0,0,180,1,1,1
1003,2098,5343,0,1,59,0,1,0
1313,1871,61814,0,0,19,0,1,1
587790,422,35762,0,0,502,0,1,1
75074,166,16419,0,0,159,1,1,1
22,204,355,0,0,0,0,1,0
18,181,2368,0,0,0,1,1,0
9707,1491,3554,0,1,43,0,1,1
2933852,421,486502,0,0,4534,0,1,1
132537,1248,4015,0,1,206,0,1,1
422883,280,59695,0,0,682,0,1,1
132537,1248,4015,0,0,206,0,1,1
282667,74,21354,0,1,669,0,1,1
100933,892,68425,1,0,491,0,0,1
27370085,78,2373,0,0,22983,0,1,1
108,414,150,0,0,0,1,1,0
92227,26415,15710,0,0,25,1,1,0
48,1,127,0,0,0,0,1,0
54,119,268,0,1,0,1,1,1
737853,76,165783,0,1,730,0,1,0
468,128,44,0,0,5,1,1,0
164914,1335,19716,1,0,1797,0,0,1
6644,595,6012,0,0,8,0,0,1
9707,1491,3554,0,1,43,0,1,1
427436,94,88828,0,0,347,0,1,1
127,142,8487,0,0,1,1,1,1
483520,218,26231,0,0,68,0,1,1
30792,1364,456770,0,0,311,1,1,1
14,33,10,0,0,0,1,1,0
320488,927,81253,0,0,657,0,1,1
3079278,44,356679,0,0,7435,1,1,1
13,209,489,1,0,0,1,0,0
132537,1248,4015,0,1,206,0,1,1
893,122,3642,0,0,224,0,1,1
800,656,2329,0,0,95,0,1,1
100933,892,68425,0,0,491,0,1,1
149,7,540,0,1,0,1,1,1
539,543,826,0,0,7,1,1,0
2877656,1366,56552,0,0,2305,0,0,1
183095,997,108011,0,1,1543,0,1,1
1415894,213,196223,1,0,2395,1,1,0
2539751,0,302003,0,1,3353,0,1,1
49971,2444,850297,0,1,290,0,1,1
4283222,1,4374,0,1,496,0,1,1
1088,531,32345,0,0,1,1,1,1
1148235,479,14460,0,0,604,0,1,1
64,66,63,0,1,0,0,1,1
103793,772,74808,0,0,295,0,1,1
13385,195,187872,0,1,102,1,1,0
4283222,1,4374,0,1,496,0,1,1
10719,4910,271204,0,1,185,0,1,0
176857,5148,50834,0,0,276,0,1,1
27370085,78,2373,0,0,22983,0,1,1
8659050,320,322164,0,0,4528,0,1,1
16430,203,64844,0,0,20,0,1,0
23904589,9,609,0,1,20357,1,1,1
443007,74,12118,0,1,262,0,1,1
661,4101,11558,0,0,0,0,1,1
5428,4300,2837077,1,0,343,0,1,0
20172,14,4957,0,0,27,0,1,1
15212,9,33638,0,0,100,0,1,1
19899,190,7521,0,0,113,0,1,1
17162,1966,142883,0,0,206,1,1,1
8927,780,58297,0,0,148,0,1,1
54,119,268,0,1,0,0,1,1
100933,892,68425,1,0,491,0,0,1
4082936,2,5103,0,0,1087,0,1,1
132537,1248,4015,0,1,206,0,1,1
320488,927,81253,0,0,657,0,1,1
7795499,186,3934,0,0,1824,0,1,1
980423,364,61605,1,1,9496,0,0,1
34578,1205,208836,0,0,67,0,1,1
9437,558,181254,0,0,85,1,1,1
989215,1605,25572,0,0,681,0,1,1
22,41,2339,0,0,0,1,1,0
751,260,1604,0,0,0,1,1,0
257,399,966,0,1,5,1,1,0
143994,4706,246416,0,0,364,1,1,1
733,534,21392,0,1,2,1,1,1
111249,326,97289,0,0,982,0,1,1
3,98,43,0,1,0,0,1,0
42309550,874,336692,0,0,197253,0,1,1
1322019,918,17369,0,1,295,1,1,1
8611,348,23894,0,1,4,1,1,1
1389,182,244,0,1,0,0,1,1
2933852,421,486502,0,0,4534,0,1,1
511359,101,2157,0,0,210,0,1,1
28067,145,78305,0,0,221,0,1,1
75074,166,16419,0,0,159,1,1,1
282667,74,21354,0,1,669,0,1,1
3,24,1313,0,0,1,1,1,0
427436,94,88828,0,0,347,0,1,1
1706,528,23979,0,0,39,0,1,1
3699,4991,3270,0,1,6,0,1,1
153844,768,60528,0,1,164,1,1,1
367617,5010,10040,0,1,1319,0,1,1
11773,25,10337,0,1,30,0,1,1
261,35,906,0,1,45,1,1,1
1647293,15,156856,0,0,947,0,1,1
483,2532,2149,0,0,0,1,1,0
1532,3090,25226,0,0,13,1,1,0
772053,8,404,0,0,131,0,1,1
15212,9,33638,0,0,100,0,1,1
1122012,72,163455,0,0,844,0,1,1
2356,66,25575,0,1,113,0,1,0
772053,8,404,0,0,131,0,1,1
11414413,511,415736,1,0,10841,0,1,1
11532,537,61519,0,0,388,0,1,1
1925,1319,44879,0,1,133,0,1,0
16325,383,26479,0,1,204,0,1,1
229048,885,30558,0,0,956,0,1,1
349,1393,1030,1,0,0,0,1,0
2565,986,89696,0,0,16,0,1,0
7795499,186,3934,0,0,1824,0,1,1
4328,1086,103693,1,1,12,0,0,1
18051,1246,3385,0,0,277,0,1,1
21,484,1054,0,1,1,1,1,0
37035,2229,56953,0,0,481,0,1,1
3536797,213,30795,0,1,2885,0,1,1
132,279,130,0,1,0,0,0,0
20552,3,12133,0,0,40,1,1,0
79473,2860,13754,0,0,229,1,1,1
51,176,26510,0,0,4,1,1,0
183095,997,108011,0,1,1543,0,1,1
511359,101,2157,0,0,210,0,1,1
4832,1067,8526,0,0,32,1,1,1
41,1045,18619,0,0,0,0,1,0
989215,1605,25572,0,0,681,0,1,1
100712,833,13350,0,1,202,0,1,1
485,1563,2387,0,0,1,0,1,0
8659050,320,322164,0,0,4528,0,1,1
3497409,132,13800,0,1,1103,0,1,1
2650,2274,10388,0,0,4,1,1,1
2539751,0,302003,0,1,3353,0,1,1
100933,892,68425,1,0,491,0,0,1
100933,892,68425,1,0,491,0,0,1
44304437,2063,20800,0,0,22734,0,1,1
253,235,1979,0,0,0,1,1,0
15212,9,33638,0,1,100,0,1,1
100933,892,68425,1,0,491,0,0,1
2875,64,3325,0,0,1,1,1,1
320488,927,81253,0,0,657,0,1,1
1847,300,91778,0,0,55,1,1,1
185,170,607,0,1,0,0,1,1
64,66,63,0,1,0,0,1,1
13,32,156,0,0,0,1,1,1
320488,927,81253,0,0,657,0,1,1
6087,5,11380,0,1,5,0,1,1
400,165,624,0,1,24,0,1,1
21076,1151,29089,0,0,207,0,1,1
218,219,266,0,0,1,1,1,0
79424,142,1648,0,1,36,0,1,1
1020,121,13319,0,0,2,1,1,1
27370085,78,2373,0,0,22983,0,1,1
8425136,376,25745,0,0,2807,0,1,1
2723,655,40294,0,0,149,0,0,1
2,24,85,0,1,0,0,0,0
313,180,907,0,0,4,1,1,1
183095,997,108011,0,1,1543,0,1,1
100933,892,68425,1,0,491,0,0,1
42309550,874,336692,0,0,197253,0,1,1
212,197,9635,1,0,43,0,1,0
4283222,1,4374,0,1,496,0,1,1
16451889,307,66040,0,0,22471,0,1,1
26,584,141,0,0,0,1,0,0
35,312,1175,0,1,1,1,0,0
13,130,536,0,0,0,1,1,0
282667,74,21354,0,1,669,0,1,1
2725,156,184,0,0,8,0,1,1
80624,666,56611,0,0,565,0,1,1
3529,874,15804,1,0,9,0,1,1
887777,0,28903,0,0,7849,0,1,1
3361,215,24975,0,1,29,0,1,1
937,1273,1833,0,0,29,0,1,0
443007,74,12118,0,1,262,0,1,1
27370085,78,2373,0,0,22983,0,1,1
7227,1354,225744,0,1,59,0,1,1
309480,4,5603,0,0,812,0,1,1
100933,892,68425,1,0,491,0,0,1
25591,9775,62668,0,1,258,0,1,1
6709,594,3941,0,1,13,0,1,1
601681,316,6888,0,0,339,0,1,1
58,575,2435,0,0,1,1,0,0
63377,181,9077,0,0,171,0,1,1
3699,4991,3270,0,1,6,1,1,1
287925,135,12807,0,0,171,1,1,1
663,50,2170,0,0,1,0,1,1
28318,225,17077,0,0,113,0,1,1
610,39,2454,0,1,2,1,1,1
4122273,42,296870,0,0,2646,0,1,1
323,171,7187,0,1,8,0,1,1
44304437,2063,20800,0,0,22734,0,1,1
1651,28,94,0,0,9,1,1,1
611,297,45652,0,0,2,0,1,1
4283222,1,4374,0,1,496,0,1,1
24,170,6072,0,0,0,1,1,0
7795499,186,3934,0,0,1824,0,1,1
44304437,2063,20800,0,0,22734,0,1,1
721,634,10645,0,0,0,1,1,0
893,122,3642,0,0,224,0,1,1
176857,5148,50834,0,0,276,0,1,1
8927,780,58297,0,0,148,0,1,1
2476,427,36180,0,0,6,0,1,1
1415894,213,196223,0,0,2395,1,1,1
583,1192,9172,0,0,0,1,1,0
5972,1538,43304,0,0,17,1,1,1
4660,57,228750,0,1,271,0,1,0
51,94,286,1,1,1,0,0,0
834,1,1382,0,1,45,1,1,1
989215,1605,25572,0,0,681,0,1,1
959818,750,17997,0,0,612,0,1,1
178,245,1662,0,0,2,1,1,0
44304437,2063,20800,0,0,22734,0,1,1
79473,2860,13754,0,0,229,1,1,1
1178816,39,6189,0,0,471,0,1,1
126322,282,93346,0,0,862,1,1,1
77,606,2329,0,0,0,1,0,0
805,123,29666,0,0,27,1,1,0
47,161,2146,0,0,0,1,1,0
7733,642,5994,0,0,20,0,1,1
135022,206,15034,0,0,395,0,1,1
7795499,186,3934,0,0,1824,0,1,1
80,615,983,0,0,1,1,1,0
772053,8,404,0,0,131,0,1,1
1148235,479,14460,0,0,604,0,1,1
3699,4991,3270,0,1,6,1,1,1
15212,9,33638,0,0,100,0,1,1
23019,217,19340,0,0,67,1,1,1
100933,892,68425,1,0,491,0,0,1
614376,104,5759,0,0,321,0,1,1
7795499,186,3934,0,0,1824,0,1,1
0,4,190,0,0,0,1,1,0
1245,289,1072,0,0,10,1,1,1
75074,166,16419,0,0,159,1,1,1
1714,2008,4453,0,0,2,0,1,1
19,65,1523,0,0,0,1,0,0
44304437,2063,20800,0,0,22734,0,1,1
2053,818,44560,0,1,35,0,1,1
309480,4,5603,0,0,812,0,1,1
63377,181,9077,0,0,171,0,1,1
165640,47,50762,0,1,1038,0,1,1
8018,540,14118,0,0,163,0,1,1
16526,429,17827,0,0,72,0,1,1
2099675,114,9509,0,0,872,0,1,1
9707,1491,3554,0,1,43,0,1,1
1063,1545,1537,1,1,44,0,0,0
22409,3229,306128,0,0,218,0,1,1
698,939,2266,0,1,20,1,1,1
7210,1615,2732,0,0,277,0,1,0
19410,409,32954,0,0,148,0,1,1
2951,502,12043,0,1,50,1,1,1
23019,217,19340,0,0,67,1,1,1
2824624,441,14641,0,0,1497,0,1,1
100933,892,68425,1,0,491,0,0,1
6536335,313,518910,1,1,6614,1,1,1
2008,1984,4745,0,0,2,0,1,1
499417,76,121260,0,0,6249,1,1,1
1721,4487,1451,0,1,2,0,0,0
132537,1248,4015,0,1,206,0,1,1
7,32,508,0,1,0,1,0,1
1389,182,244,0,1,0,0,1,1
69733,17,740,1,1,25,1,1,1
63377,181,9077,0,0,171,0,1,1
4305,353,12870,0,0,27,1,1,1
17114,1165,94811,0,0,212,0,1,1
1658,1499,63050,1,0,10,0,1,0
100933,892,68425,1,0,491,0,0,1
19410,409,32954,0,0,148,0,0,1
9592,9749,4947,0,1,2,0,1,1
45,157,373,0,1,1,0,1,0
63377,181,9077,0,0,171,0,1,1
475143,12,227061,0,0,559,1,1,0
16,49,773,0,0,0,1,1,1
9707,1491,3554,0,1,43,0,1,1
320488,927,81253,0,0,657,0,1,1
19410,409,32954,0,0,148,0,1,1
1415894,213,196223,0,0,2395,1,1,1
9707,1491,3554,0,1,43,0,1,1
19410,409,32954,0,0,148,0,1,1
0,41,2,0,0,0,1,1,0
772053,8,404,0,0,131,0,1,1
5,5,323,0,1,0,1,1,1
4122273,42,296870,0,0,2646,0,1,1
271,356,920,0,1,1,0,1,0
79952,170,4268,0,0,59,1,1,1
42309549,874,336692,0,0,197253,0,1,1
9707,1491,3554,0,1,43,0,1,1
347,254,4164,0,0,5,1,1,1
1723039,309,12211,0,0,1005,0,1,1
100933,892,68425,1,0,491,0,0,1
17721,9812,264244,0,1,272,1,1,0
851,388,8213,0,0,60,0,1,0
27370085,78,2373,0,0,22983,0,1,1
79,426,1027,0,1,2,1,0,1
230,741,8778,0,1,0,1,1,1
608,730,17628,0,0,28,1,0,1
1030,675,33454,0,0,4,1,1,1
27370085,78,2373,0,0,22983,0,1,1
4611309,2508,53672,0,0,1428,1,1,1
2374,3450,10765,0,0,0,1,1,0
58963,759,25938,0,0,280,0,1,1
475,694,34196,0,0,0,1,1,1
13,92,243,0,0,0,1,1,0
8227,410,102085,0,0,146,0,1,0
278,203,6449,0,1,7,0,1,1
47912,196,24052,0,1,795,1,1,1
5904,274,14604,0,0,121,1,1,1
1,0,5,0,0,0,1,1,1
25883,1118,16248,0,1,492,0,1,1
1148235,479,14460,0,0,604,0,1,1
44304437,2063,20800,0,0,22734,0,1,1
44304437,2063,20800,0,0,22734,0,1,1
12,25,628,0,1,0,1,0,1
13950,841,13177,1,1,57,0,0,1
135022,206,15034,0,0,395,0,1,1
79473,2860,13754,0,0,229,1,1,1
63377,181,9077,0,0,171,0,1,1
75074,166,16419,0,0,159,1,1,1
24678,182,120168,0,0,339,0,1,0
4832,1067,8526,0,0,32,1,1,1
5,92,328,0,0,0,0,1,1
46773,388,20581,0,1,29,0,1,1
44304437,2063,20800,0,0,22734,0,1,1
50,76,174,0,0,0,1,1,1
356969,167,139058,1,0,511,1,1,1
2099675,114,9509,0,0,872,0,1,1
2058,510,35470,0,0,17,0,1,1
32325,65,32295,0,1,72,0,1,0
14,49,1425,0,0,0,1,1,0
44304437,2063,20800,0,0,22734,0,1,1
19009,14299,13265,1,1,5,0,0,1
70,1253,718,0,1,0,1,0,1
183095,997,108011,0,1,1543,0,1,1
7227,1354,225744,0,1,59,0,1,1
37035,2229,56953,0,0,481,0,1,1
796221,213,3912,0,0,247,0,1,1
42309549,874,336692,0,0,197253,0,1,1
27370085,78,2373,0,0,22983,0,1,1
958,112,5355,0,0,15,0,1,1
12980,1289,69766,0,0,37,1,1,1
618450,3848,14464,0,0,375,0,1,1
959818,750,17997,0,0,612,0,1,1
154,429,1971,0,1,1,1,0,0
0,16,3,0,1,0,1,0,0
100933,892,68425,1,0,491,0,0,1
12,34,613,0,0,0,1,0,1
320488,927,81253,0,0,657,0,1,1
46121,210,13285,1,1,46,0,0,0
132537,1248,4015,0,0,206,0,1,1
3522,11,4613,0,1,23,0,1,1
134,843,5701,0,0,0,1,1,0
409,95,197,0,1,2,0,1,1
2901,2071,52516,0,0,33,1,1,0
772053,8,404,0,0,131,0,1,1
78,153,862,0,0,2,0,1,0
3,55,7,0,0,0,1,1,0
43231,713,178256,1,1,1129,1,1,1
8659050,320,322164,0,0,4528,0,1,1
237,1737,2425,1,1,2,0,0,0
959818,750,17997,0,0,612,0,1,1
282667,74,21354,0,1,669,0,1,1
4122273,42,296870,0,1,2646,0,1,1
2476,427,36180,0,0,6,0,1,1
36689384,78,57436,0,1,29452,1,1,1
1393,1130,35738,0,0,14,1,1,0
488,119,54209,0,1,367,0,1,0
21,28,5,0,0,0,0,1,1
5095294,64,1265,0,0,972,0,1,1
42309549,874,336692,0,0,197253,0,1,1
132537,1248,4015,0,1,206,0,1,1
4832,1067,8526,0,0,32,1,1,1
54622,305,16770,0,1,153,0,1,1
39504,211,3244,0,0,75,0,1,1
10234,5165,89056,0,1,88,0,1,1
27370085,78,2373,0,0,22983,0,1,1
7795499,186,3934,0,0,1824,0,1,1
100933,892,68425,1,0,491,0,0,1
5,44,1171,0,0,0,1,0,0
11848019,272,7047,0,0,2142,0,1,1
498863,39,5713,0,0,293,1,1,1
4328,1086,103693,1,1,12,0,0,1
11848019,272,7047,0,0,2142,0,1,1
183095,997,108011,0,1,1543,0,1,1
11691639,257,3646,0,0,2480,0,1,1
403,12,30483,0,0,2,0,1,0
511359,101,2157,0,0,210,0,1,1
3107,4979,45626,0,0,37,1,0,0
4608,955,15939,0,0,41,0,1,1
462479,132,1701,0,0,150,0,1,1
320488,927,81253,0,0,657,0,1,1
287925,135,12807,0,0,171,1,1,1
282667,74,21354,0,1,669,0,1,1
15212,9,33638,0,1,100,0,1,1
2150,785,23775,0,1,235,0,0,0
143994,4706,246416,0,0,364,1,1,1
391,143,730,0,1,27,0,1,0
309480,4,5603,0,0,812,0,1,1
100933,892,68425,1,0,491,0,0,1
18521,711,8551,0,0,68,0,1,1
2013216,123,39801,0,1,135,1,1,1
134,572,6724,0,0,5,1,1,1
3835372,581,71240,0,0,1089,0,1,1
37035,2229,56953,0,0,481,0,1,1
4611309,2508,53672,0,0,1428,0,1,1
132537,1248,4015,0,0,206,0,1,1
100933,892,68425,1,0,491,0,0,1
56,73,192,0,1,0,0,1,0
887777,0,28903,0,0,7849,0,1,1
1460,17,8917,0,1,55,0,1,0
36689384,78,57436,0,1,29452,1,1,1
5373,1303,11984,0,1,67,0,1,1
72705,5462,483216,0,1,319,1,1,1
27370085,78,2373,0,0,22983,0,1,1
281778,150,8375,0,1,317,1,1,1
282667,74,21354,0,1,669,0,1,1
36689384,78,57436,0,1,29452,1,1,1
3072,518,7236,0,1,24,1,1,1
7592,1967,197727,0,0,134,0,1,1
123659,389,2888,0,1,38,1,1,1
4122273,42,296870,0,1,2646,1,1,1
2400,64,31321,0,1,1,0,1,0
47912,196,24052,0,1,795,0,1,1
22190,17234,85039,0,1,401,0,1,1
356969,167,139058,0,0,511,0,1,1
132537,1248,4015,0,0,206,0,1,1
1847,300,91778,0,0,55,1,1,1
1260666,154,14863,0,1,834,0,1,1
75074,166,16419,0,0,159,1,1,1
79473,2860,13754,0,0,229,1,1,1
10978109,15,528722,1,1,11855,0,1,1
31543,476,9746,0,0,121,0,1,1
1277,5001,1265,0,0,1,1,1,0
282667,74,21354,0,1,669,0,1,1
14874,540,51335,0,1,99,0,1,1
524,204,4958,0,0,1,1,0,1
47912,196,24052,0,1,795,0,1,1
888,370,8207,0,0,5,0,1,1
2099675,114,9509,0,0,872,0,1,1
